Name,catalog,catalog_id,con_ID,con,binary,WDS_J,Vmag,HIP,HD,RA,Dec,Approved,Notes
Acamar,HR,897,tet01,Eri,A,02583-4018,2.88,13847,18622,44.565311,-40.304672,7/20/2016,*
Achernar,HR,472,alf,Eri,-,-,0.45,7588,10144,24.428523,-57.236753,6/30/2016,
Achird,HR,219,eta,Cas,A,00491+5749,3.46,3821,4614,12.276213,57.815187,9/5/2017,
Acrab,HR,5984,bet,Sco,Aa,16054-1948,2.56,78820,144217,241.3593,-19.805453,8/21/2016,
Acrux,HR,4730,alf,Cru,Aa,12266-6306,1.33,60718,108248,186.649563,-63.099093,7/20/2016,
Acubens,HR,3572,alf,Cnc,Aa,08585+1151,4.26,44066,76756,134.621761,11.8577,7/20/2016,
Adhafera,HR,4031,zet,Leo,Aa,10167+2325,3.43,50335,89025,154.172567,23.417312,7/20/2016,
Adhara,HR,2618,eps,CMa,A,06586-2858,1.5,33579,52089,104.656453,-28.972086,8/21/2016,
Adhil,HR,390,ksi,And,-,-,4.87,6411,8207,20.58508,45.528778,8/21/2016,
Ain,HR,1409,eps,Tau,Aa1,04286+1911,3.53,20889,28305,67.154163,19.180435,12/15/2015,
Ainalrami,HR,7116,nu01,Sgr,A,18542-2245,4.86,92761,174974,283.542404,-22.74484,9/5/2017,
Aladfar,HR,7298,eta,Lyr,Aa,19138+3909,4.43,94481,180163,288.439531,39.14597,9/5/2017,
Albaldah,HR,7264,pi,Sgr,A,19098-2101,2.88,94141,178524,287.440971,-21.023615,9/5/2017,
Albali,HR,7950,eps,Aqr,-,-,3.78,102618,198001,311.918969,-9.495775,9/12/2016,
Albireo,HR,7417,bet,Cyg,Aa,19307+2758,3.37,95947,183912,292.680351,27.959692,7/20/2016,
Alchiba,HR,4623,alf,Crv,-,-,4.02,59199,105452,182.103402,-24.728875,9/12/2016,
Alcor,HR,5062,80,UMa,Ca,13239+5456,3.99,65477,116842,201.306403,54.987954,6/30/2016,*
Alcyone,HR,1165,eta,Tau,A,03475+2406,2.85,17702,23630,56.871152,24.105136,6/30/2016,
Aldebaran,HR,1457,alf,Tau,-,04359+1631,0.87,21421,29139,68.980163,16.509302,6/30/2016,
Alderamin,HR,8162,alf,Cep,-,21186+6235,2.45,105199,203280,319.644885,62.585574,7/20/2016,
Aldhanab,HR,8353,gam,Gru,-,-,3,108085,207971,328.482192,-37.364855,9/5/2017,
Aldhibah,HR,6396,zet,Dra,A,17088+6543,3.17,83895,155763,257.19665,65.714684,9/5/2017,
Aldulfin,HR,7852,eps,Del,-,-,4.03,101421,195810,308.303216,11.303261,9/5/2017,
Alfirk,HR,8238,bet,Cep,Aa,21287+7034,3.23,106032,205021,322.164987,70.560715,8/21/2016,
Algedi,HR,7754,alf02,Cap,A,20181-1233,3.58,100064,192947,304.513566,-12.544852,8/21/2016,
Algenib,HR,39,gam,Peg,-,00132+1511,2.83,1067,886,3.308963,15.183594,6/30/2016,
Algieba,HR,4057,gam01,Leo,-,10200+1950,2.61,50583,89484,154.993144,19.841489,7/20/2016,*
Algol,HR,936,bet,Per,Aa1,03082+4057,2.09,14576,19356,47.042215,40.955648,6/30/2016,
Algorab,HR,4757,del,Crv,A,12299-1631,2.94,60965,108767,187.466063,-16.515431,7/20/2016,
Alhena,HR,2421,gam,Gem,Aa,06377+1624,1.93,31681,47105,99.42796,16.39928,7/20/2016,
Alioth,HR,4905,eps,UMa,A,12540+5558,1.76,62956,112185,193.50729,55.959823,6/30/2016,
Aljanah,HR,7949,eps,Cyg,Aa,20462+3358,2.48,102488,197989,311.552843,33.970257,6/30/2017,
Alkaid,HR,5191,eta,UMa,-,-,1.85,67301,120315,206.885157,49.313267,6/30/2016,
Alkalurops,HR,5733,mu01,Boo,Aa,15245+3723,4.31,75411,137391,231.122618,37.377169,8/21/2016,
Alkaphrah,HR,3594,kap,UMa,A,09036+4709,4.16,44471,77327,135.906365,47.156525,9/5/2017,
Alkarab,HR,8905,ups,Peg,-,-,4.42,115623,220657,351.344931,23.4041,9/5/2017,
Alkes,HR,4287,alf,Crt,-,-,4.08,53740,95272,164.943604,-18.298783,9/12/2016,
Almaaz,HR,1605,eps,Aur,-,05020+4349,3.03,23416,31964,75.492219,43.823307,2/1/2017,
Almach,HR,603,gam01,And,A,02039+4220,2.1,9640,12533,30.974804,42.329725,7/20/2016,*
Alnair,HR,8425,alf,Gru,-,22082-4658,1.73,109268,209952,332.05827,-46.960974,7/20/2016,
Alnasl,HR,6746,gam02,Sgr,-,-,2.98,88635,165135,271.452025,-30.4241,8/21/2016,
Alnilam,HR,1903,eps,Ori,-,05362-0112,1.69,26311,37128,84.053389,-1.201919,7/20/2016,
Alnitak,HR,1948,zet,Ori,Aa,05407-0157,1.74,26727,37742,85.189694,-1.942574,7/20/2016,
Alniyat,HR,6084,sig,Sco,Aa1,16212-2536,2.9,80112,147165,245.297149,-25.592792,2/1/2017,
Alphard,HR,3748,alf,Hya,-,09276-0840,1.99,46390,81797,141.896847,-8.658602,7/20/2016,
Alphecca,HR,5793,alf,CrB,-,-,2.22,76267,139006,233.67195,26.714693,7/20/2016,
Alpheratz,HR,15,alf,And,Aa,00084+2905,2.07,677,358,2.096916,29.090431,6/30/2016,
Alrakis,HR,6370,mu,Dra,A,17053+5428,5.55,83608,154906,256.333807,54.470078,2/1/2017,
Alrescha,HR,596,alf,Psc,A,02020+0246,3.82,9487,12446,30.511772,2.763735,8/21/2016,
Alsafi,HR,7462,sig,Dra,-,19324+6940,4.67,96100,185144,293.08996,69.661176,6/30/2017,
Alsciaukat,HR,3275,31,Lyn,-,-,4.25,41075,70272,125.708792,43.188131,6/30/2017,
Alsephina,HR,3485,del,Vel,Aa,08447-5443,1.99,42913,74956,131.175944,-54.708819,9/5/2017,
Alshain,HR,7602,bet,Aql,A,19553+0624,3.71,98036,188512,298.828304,6.406763,8/21/2016,
Alshat,HR,7773,nu,Cap,A,20207-1246,4.77,100310,193432,305.165898,-12.759079,6/30/2017,
Altair,HR,7557,alf,Aql,-,19508+0852,0.76,97649,187642,297.695827,8.868321,6/30/2016,
Altais,HR,7310,del,Dra,-,19126+6740,3.07,94376,180711,288.13875,67.661541,8/21/2016,
Alterf,HR,3773,lam,Leo,-,-,4.32,46750,82308,142.930115,22.96797,2/1/2017,
Aludra,HR,2827,eta,CMa,-,07241-2918,2.45,35904,58350,111.02376,-29.303106,7/20/2016,
Alula Australis,HR,4375,ksi,UMa,Aa,11182+3132,4.41,55203,98231,169.545423,31.529161,7/20/2016,
Alula Borealis,HR,4377,nu,UMa,-,11185+3306,3.49,55219,98262,169.619737,33.094305,7/20/2016,
Alya,HR,7141,tet01,Ser,A,18562+0412,4.62,92946,175638,284.054949,4.203602,8/21/2016,
Alzirr,HR,2484,ksi,Gem,-,-,3.35,32362,48737,101.322351,12.895592,6/30/2017,
Ancha,HR,8499,tet,Aqr,-,-,4.17,110003,211391,334.208485,-7.783291,9/12/2016,
Angetenar,HR,850,tau02,Eri,-,02510-2100,4.76,13288,17824,42.759674,-21.004018,6/30/2017,
Ankaa,HR,99,alf,Phe,-,00263-4218,2.4,2081,2261,6.570939,-42.306084,7/20/2016,
Anser,HR,7405,alf,Vul,-,19287+2440,4.44,95771,183439,292.176375,24.664903,6/30/2017,
Antares,HR,6134,alf,Sco,A,16294-2626,1.06,80763,148478,247.351915,-26.432003,6/30/2016,
Arcturus,HR,5340,alf,Boo,-,14157+1911,-0.05,69673,124897,213.9153,19.182409,6/30/2016,
Arkab Posterior,HR,7343,bet02,Sgr,-,-,4.27,95294,181623,290.80474,-44.799779,10/5/2016,
Arkab Prior,HR,7337,bet01,Sgr,-,19226-4428,3.96,95241,181454,290.659551,-44.458959,10/5/2016,
Arneb,HR,1865,alf,Lep,A,05327-1749,2.58,25985,36673,83.182567,-17.822289,7/20/2016,
Ascella,HR,7194,zet,Sgr,A,19026-2953,2.6,93506,176687,285.653043,-29.880063,9/12/2016,
Asellus Australis,HR,3461,del,Cnc,Aa,08447+1809,3.94,42911,74442,131.171248,18.154309,11/6/2016,
Asellus Borealis,HR,3449,gam,Cnc,Aa,08433+2128,4.66,42806,74198,130.821442,21.468501,11/6/2016,
Aspidiske,HR,3699,iot,Car,-,-,2.21,45556,80404,139.272529,-59.275232,7/20/2016,
Asterope,HR,1151,21,Tau,A,03459+2433,5.76,17579,23432,56.476987,24.554512,8/21/2016,
Athebyne,HR,6132,eta,Dra,A,16240+6131,2.73,80331,148387,245.997858,61.514214,9/5/2017,
Atik,HR,1131,omi,Per,A,03443+3217,3.84,17448,23180,56.07972,32.28824,9/12/2016,
Atlas,HR,1178,27,Tau,Aa1,03492+2403,3.62,17847,23850,57.290597,24.053415,8/21/2016,
Atria,HR,6217,alf,TrA,-,16487-6902,1.91,82273,150798,252.166229,-69.027712,7/20/2016,
Avior,HR,3307,eps,Car,A,08225-5931,1.86,41037,71129,125.62848,-59.509484,7/20/2016,
Azelfafage,HR,8301,pi01,Cyg,-,-,4.69,107136,206672,325.523602,51.189623,9/12/2016,
Azha,HR,874,eta,Eri,-,-,3.89,13701,18322,44.106873,-8.898145,9/12/2016,
Barnard's Star,GJ,699,V2500,Oph,-,-,9.54,87937,-,269.454023,4.668288,2/1/2017,
Baten Kaitos,HR,539,zet,Cet,Aa,01515-1020,3.74,8645,11353,27.865137,-10.335044,9/12/2016,
Beemim,HR,1393,ups03,Eri,-,-,3.97,20535,28028,66.009239,-34.016848,6/30/2017,
Beid,HR,1298,omi01,Eri,-,-,4.04,19587,26574,62.966415,-6.83758,9/12/2016,
Bellatrix,HR,1790,gam,Ori,-,05251+0621,1.64,25336,35468,81.282764,6.349703,6/30/2016,
Betelgeuse,HR,2061,alf,Ori,Aa,05552+0724,0.45,27989,39801,88.792939,7.407064,6/30/2016,
Bharani,HR,838,41,Ari,Aa,02500+2716,3.61,13209,17573,42.495972,27.260507,6/30/2017,
Biham,HR,8450,tet,Peg,-,-,3.52,109427,210418,332.549939,6.197863,8/21/2016,
Botein,HR,951,del,Ari,-,-,4.35,14838,19787,47.907356,19.726674,9/12/2016,
Brachium,HR,5603,sig,Lib,A,15041-2517,3.25,73714,133216,226.017567,-25.281961,9/5/2017,
Canopus,HR,2326,alf,Car,A,06240-5242,-0.62,30438,45348,95.987958,-52.695661,6/30/2016,
Capella,HR,1708,alf,Aur,Aa,05167+4600,0.08,24608,34029,79.172328,45.997991,6/30/2016,
Caph,HR,21,bet,Cas,A,00092+5909,2.28,746,432,2.294522,59.149781,6/30/2016,
Castor,HR,2891,alf,Gem,Aa,07346+3153,1.98,36850,60179,113.649428,31.888276,6/30/2016,
Castula,HR,265,ups02,Cas,-,-,4.62,4422,5395,14.166271,59.181055,9/5/2017,
Cebalrai,HR,6603,bet,Oph,-,-,2.76,86742,161096,265.868136,4.5673,8/21/2016,
Celaeno,HR,1140,16,Tau,-,03448+2417,5.45,17489,23288,56.200893,24.289468,8/21/2016,
Cervantes,HR,6585,mu,Ara,-,-,5.15,86796,160691,266.036255,-51.834051,12/15/2015,
Chalawan,HR,4277,47,UMa,-,-,5.03,53721,95128,164.866553,40.430256,12/15/2015,
Chamukuy,HR,1412,tet02,Tau,Aa,04287+1552,3.73,20894,28319,67.165586,15.870882,9/5/2017,
Chara,HR,4785,bet,CVn,Aa,12337+4121,4.24,61317,109358,188.435603,41.357479,7/20/2016,
Chertan,HR,4359,tet,Leo,-,-,3.33,54879,97633,168.560019,15.429571,7/20/2016,
Copernicus,HR,3522,55,Cnc,A,08526+2820,5.95,43587,75732,133.149212,28.33082,12/15/2015,
Cor Caroli,HR,4915,alf02,CVn,Aa,12560+3819,2.89,63125,112413,194.006943,38.318376,7/20/2016,
Cujam,HR,6117,ome,Her,A,16254+1402,4.57,80463,148112,246.353979,14.033274,2/1/2017,
Cursa,HR,1666,bet,Eri,-,05078-0505,2.78,23875,33111,76.96244,-5.086446,7/20/2016,
Dabih,HR,7776,bet01,Cap,Aa,20210-1447,3.05,100345,193495,305.252803,-14.781405,8/21/2016,
Dalim,HR,963,alf,For,A,03121-2859,3.86,14879,20010,48.018864,-28.98762,9/5/2017,
Deneb,HR,7924,alf,Cyg,-,20414+4517,1.25,102098,197345,310.35798,45.280339,6/30/2016,
Deneb Algedi,HR,8322,del,Cap,Aa,21470-1608,2.85,107556,207098,326.760184,-16.127287,2/1/2017,
Denebola,HR,4534,bet,Leo,-,11491+1434,2.14,57632,102647,177.26491,14.572058,6/30/2016,
Diadem,HR,4968,alf,Com,A,13100+1732,4.85,64241,114378,197.497029,17.529447,2/1/2017,
Diphda,HR,188,bet,Cet,-,-,2.04,3419,4128,10.897379,-17.986606,8/21/2016,
Dschubba,HR,5953,del,Sco,A,16003-2237,2.29,78401,143275,240.083359,-22.62171,8/21/2016,
Dubhe,HR,4301,alf,UMa,A,11037+6145,1.81,54061,95689,165.931965,61.751035,6/30/2016,
Dziban,HR,6636,psi01,Dra,A,17419+7209,4.57,86614,162003,265.484814,72.148847,9/5/2017,
Edasich,HR,5744,iot,Dra,-,15249+5858,3.29,75458,137759,231.232396,58.966063,12/15/2015,
Electra,HR,1142,17,Tau,-,03449+2407,3.72,17499,23302,56.218904,24.113336,8/21/2016,
Elnath,HR,1791,bet,Tau,Aa,05263+2836,1.65,25428,35497,81.572971,28.607452,7/20/2016,
Eltanin,HR,6705,gam,Dra,-,17566+5129,2.24,87833,164058,269.151541,51.488896,8/21/2016,
Enif,HR,8308,eps,Peg,-,21442+0953,2.38,107315,206778,326.046484,9.875009,7/20/2016,
Errai,HR,8974,gam,Cep,Aa,23393+7738,3.21,116727,222404,354.836655,77.632313,12/15/2015,
Fafnir,HR,6945,42,Dra,A,18260+6534,4.82,90344,170693,276.496406,65.56348,12/15/2015,
Fang,HR,5944,pi,Sco,Aa,15589-2607,2.89,78265,143018,239.712972,-26.114108,6/30/2017,
Fomalhaut,HR,8728,alf,PsA,A,22577-2937,1.17,113368,216956,344.412693,-29.622237,12/15/2015,
Fulu,HR,153,zet,Cas,-,-,3.69,2920,3360,9.242851,53.896908,6/30/2017,
Furud,HR,2282,zet,CMa,Aa,06203-3004,3.02,30122,44402,95.0783,-30.063367,7/20/2016,
Fuyue,HR,6630,-,Sco,-,17499-3703,3.19,87261,161892,267.464503,-37.043305,6/30/2017,
Gacrux,HR,4763,gam,Cru,-,12312-5707,1.59,61084,108903,187.791498,-57.113213,7/20/2016,
Giausar,HR,4434,lam,Dra,-,-,3.82,56211,100029,172.85092,69.331075,2/1/2017,
Gienah,HR,4662,gam,Crv,A,12158-1733,2.58,59803,106625,183.951543,-17.541929,11/6/2016,
Ginan,HR,4700,eps,Cru,-,-,3.59,60260,107446,185.340039,-60.401147,11/17/2017,
Gomeisa,HR,2845,bet,CMi,A,07272+0817,2.89,36188,58715,111.787674,8.289316,7/20/2016,
Grumium,HR,6688,ksi,Dra,A,17535+5652,3.73,87585,163588,268.382207,56.872646,9/12/2016,
Hadar,HR,5267,bet,Cen,Aa,14038-6022,0.61,68702,122451,210.955856,-60.373035,8/21/2016,
Haedus,HR,1641,eta,Aur,-,-,3.18,23767,32630,76.628722,41.234476,6/30/2017,
Hamal,HR,617,alf,Ari,-,-,2.01,9884,12929,31.793357,23.462418,7/20/2016,
Hassaleh,HR,1577,iot,Aur,-,-,2.69,23015,31398,74.248421,33.1661,6/30/2017,
Hatysa,HR,1899,iot,Ori,Aa,05354-0555,2.8,26241,37043,83.858258,-5.909901,9/5/2017,
Helvetios,HR,8729,51,Peg,-,22575+2046,5.49,113357,217014,344.366583,20.768831,12/15/2015,
Homam,HR,8634,zet,Peg,A,22415+1050,3.41,112029,214923,340.365503,10.831363,8/21/2016,
Iklil,HR,5928,rho,Sco,Aa,15569-2913,3.87,78104,142669,239.221151,-29.214073,9/5/2017,
Intercrus,HR,3743,-,UMa,-,09287+4536,5.41,46471,81688,142.166618,45.601482,12/15/2015,
Izar,HR,5506,eps,Boo,A,14450+2704,2.35,72105,129988,221.246763,27.074207,8/21/2016,
Jabbah,HR,6027,nu,Sco,Aa,16120-1928,4.5,79374,145502,242.998894,-19.460708,6/30/2017,
Jishui,HR,2930,omi,Gem,-,-,4.89,37265,61110,114.791387,34.584346,6/30/2017,
Kaffaljidhma,HR,804,gam,Cet,A,02433+0314,3.56,12706,16970,40.825163,3.235816,2/1/2017,
Kang,HR,5315,kap,Vir,-,-,4.18,69427,124294,213.223939,-10.273704,6/30/2017,
Kaus Australis,HR,6879,eps,Sgr,A,18242-3423,1.79,90185,169022,276.042993,-34.384616,7/20/2016,
Kaus Borealis,HR,6913,lam,Sgr,-,18280-2525,2.82,90496,169916,276.992668,-25.421701,7/20/2016,
Kaus Media,HR,6859,del,Sgr,-,18210-2950,2.72,89931,168454,275.248508,-29.828104,7/20/2016,
Keid,HR,1325,omi02,Eri,A,04153-0739,4.43,19849,26965,63.817999,-7.652872,9/12/2016,
Khambalia,HR,5359,lam,Vir,A,14191-1322,4.52,69974,125337,214.777468,-13.371096,9/5/2017,
Kitalpha,HR,8131,alf,Equ,A,21158+0515,3.92,104987,202447,318.955949,5.247865,8/21/2016,
Kochab,HR,5563,bet,UMi,-,14507+7409,2.07,72607,131873,222.676357,74.155504,7/20/2016,
Kornephoros,HR,6148,bet,Her,Aa,16302+2129,2.78,80816,148856,247.554998,21.489611,8/21/2016,
Kurhah,HR,8417,ksi,Cep,Aa,22038+6438,4.26,108917,209790,330.947724,64.627971,9/12/2016,
Larawag,HR,6241,eps,Sco,-,-,2.29,82396,151680,252.540878,-34.293232,11/17/2017,
Lesath,HR,6508,ups,Sco,-,-,2.7,85696,158408,262.690979,-37.295813,8/21/2016,
Libertas,HR,7595,ksi,Aql,A,19542+0828,4.71,97938,188310,298.562008,8.461453,12/15/2015,
Lich,PSR,B1257+12,-,Vir,-,-,-,-,-,195.012701,12.682417,12/15/2015,
Lilii Borea,HR,824,39,Ari,-,-,4.52,13061,17361,41.977256,29.247115,9/5/2017,
Maasym,HR,6526,lam,Her,-,-,4.41,85693,158899,262.684626,26.110645,9/12/2016,
Mahasim,HR,2095,tet,Aur,A,05597+3713,2.65,28380,40312,89.930292,37.212585,6/30/2017,
Maia,HR,1149,20,Tau,-,03458+2422,3.87,17573,23408,56.456695,24.367751,7/20/2016,
Marfik,HR,6149,lam,Oph,A,16309+0159,3.82,80883,148857,247.728453,1.983888,9/12/2016,
Markab,HR,8781,alf,Peg,-,-,2.49,113963,218045,346.190223,15.205267,6/30/2016,
Markeb,HR,3734,kap,Vel,-,-,2.47,45941,81188,140.528407,-55.010667,9/5/2017,
Marsic,HR,6008,kap,Her,A,16081+1703,5,79043,145001,242.018857,17.04698,2/1/2017,
Matar,HR,8650,eta,Peg,Aa,22430+3013,2.93,112158,215182,340.750579,30.221244,8/21/2016,
Mebsuta,HR,2473,eps,Gem,-,06439+2508,3.06,32246,48329,100.983026,25.131127,7/20/2016,
Megrez,HR,4660,del,UMa,-,12154+5702,3.32,59774,106591,183.856503,57.032615,6/30/2016,
Meissa,HR,1879,lam,Ori,A,05351+0956,3.39,26207,36861,83.784486,9.934156,7/20/2016,
Mekbuda,HR,2650,zet,Gem,Aa,07041+2034,4.01,34088,52973,106.027215,20.570295,9/12/2016,
Meleph,HR,3429,eps,Cnc,Aa,08405+1933,6.29,42556,73731,130.112544,19.544809,9/5/2017,
Menkalinan,HR,2088,bet,Aur,Aa,05595+4457,1.9,28360,40183,89.882179,44.947433,7/20/2016,
Menkar,HR,911,alf,Cet,-,-,2.54,14135,18884,45.569885,4.089737,6/30/2016,
Menkent,HR,5288,tet,Cen,-,14067-3622,2.06,68933,123139,211.670617,-36.369958,8/21/2016,
Menkib,HR,1228,ksi,Per,-,03590+3547,3.98,18614,24912,59.741253,35.791032,9/12/2016,
Merak,HR,4295,bet,UMa,-,-,2.34,53910,95418,165.460319,56.382426,6/30/2016,
Merga,HR,5533,38,Boo,-,-,5.76,72487,130945,222.327791,46.116206,9/12/2016,
Meridiana,HR,7254,alf,CrA,-,-,4.11,94114,178253,287.368087,-37.904473,9/5/2017,
Merope,HR,1156,23,Tau,Aa,03463+2357,4.14,17608,23480,56.581552,23.948348,7/20/2016,
Mesarthim,HR,546,gam02,Ari,A,01535+1918,4.75,8832,11502,28.38256,19.293852,8/21/2016,
Miaplacidus,HR,3685,bet,Car,-,-,1.67,45238,80007,138.299906,-69.717208,7/20/2016,
Mimosa,HR,4853,bet,Cru,-,12477-5941,1.25,62434,111123,191.930263,-59.688764,7/20/2016,
Minchir,HR,3418,sig,Hya,-,-,4.45,42402,73471,129.689323,3.341436,9/5/2017,
Minelauva,HR,4910,del,Vir,-,12556+0324,3.39,63090,112300,193.900869,3.39747,6/30/2017,
Mintaka,HR,1852,del,Ori,Aa,05320-0018,2.25,25930,36486,83.001667,-0.299095,7/20/2016,
Mira,HR,681,omi,Cet,Aa,02193-0259,6.47,10826,14386,34.836617,-2.97764,6/30/2016,
Mirach,HR,337,bet,And,-,01097+3537,2.07,5447,6860,17.433013,35.620557,6/30/2016,
Miram,HR,834,eta,Per,A,02507+5554,3.77,13268,17506,42.674207,55.895497,9/5/2017,
Mirfak,HR,1017,alf,Per,-,03243+4952,1.79,15863,20902,51.080709,49.861179,7/20/2016,
Mirzam,HR,2294,bet,CMa,-,06227-1757,1.98,30324,44743,95.674939,-17.955919,7/20/2016,
Misam,HR,941,kap,Per,Aa,03095+4451,3.79,14668,19476,47.374048,44.857541,9/5/2017,
Mizar,HR,5054,zet,UMa,Aa,13239+5456,2.23,65378,116656,200.981429,54.925362,6/30/2016,
Mothallah,HR,544,alf,Tri,-,01531+2935,3.42,8796,11443,28.27045,29.578826,8/21/2016,
Muliphein,HR,2657,gam,CMa,-,-,4.11,34045,53244,105.939554,-15.633286,8/21/2016,
Muphrid,HR,5235,eta,Boo,Aa,13547+1824,2.68,67927,121370,208.671161,18.397717,9/12/2016,
Muscida,HR,3323,omi,UMa,A,08303+6043,3.35,41704,71369,127.566128,60.71817,7/20/2016,
Musica,HR,8030,18,Del,-,20584+1050,5.48,103527,199665,314.608058,10.839286,12/15/2015,
Naos,HR,3165,zet,Pup,-,-,2.21,39429,66811,120.896031,-40.003148,8/21/2016,
Nashira,HR,8278,gam,Cap,A,-,3.69,106985,206088,325.022735,-16.662308,8/21/2016,
Nekkar,HR,5602,bet,Boo,-,-,3.49,73555,133208,225.48651,40.390567,8/21/2016,
Nembus,HR,464,51,And,-,-,3.59,7607,9927,24.498154,48.628214,9/5/2017,
Nihal,HR,1829,bet,Lep,A,05282-2046,2.83,25606,36079,82.061346,-20.759441,7/20/2016,
Nunki,HR,7121,sig,Sgr,Aa,18553-2618,2.05,92855,175191,283.81636,-26.296724,8/21/2016,
Nusakan,HR,5747,bet,CrB,A,15278+2906,3.9,75695,137909,231.957211,29.105699,9/12/2016,
Ogma,HD,149026,-,Her,-,-,8.16,80838,149026,247.623409,38.347311,12/15/2015,
Peacock,HR,7790,alf,Pav,Aa,20256-5644,1.94,100751,193924,306.411904,-56.73509,7/20/2016,
Phact,HR,1956,alf,Col,-,05396-3404,2.65,26634,37795,84.912254,-34.07411,7/20/2016,
Phecda,HR,4554,gam,UMa,Aa,11538+5342,2.41,58001,103287,178.457679,53.694758,7/20/2016,
Pherkad,HR,5735,gam,UMi,-,-,3,75097,137422,230.18215,71.834017,8/21/2016,
Pipirima,HR,6252,mu02,Sco,A,16523-3801,3.56,82545,151985,253.083939,-38.017535,9/5/2017,*
Pleione,HR,1180,28,Tau,Aa,03492+2408,5.05,17851,23862,57.296738,24.13671,6/30/2016,
Polaris,HR,424,alf,UMi,Aa,02318+8916,2.13,11767,8890,37.954561,89.264109,6/30/2016,
Polaris Australis,HR,7228,sig,Oct,-,-,5.45,104382,177482,317.195164,-88.956499,9/5/2017,
Polis,HR,6812,mu01,Sgr,Aa,18138-2104,3.84,89341,166937,273.44087,-21.058832,9/5/2017,
Pollux,HR,2990,bet,Gem,-,07453+2802,1.16,37826,62509,116.328958,28.026199,12/15/2015,
Porrima,HR,4825,gam,Vir,A,12417-0127,3.44,61941,110379,190.415181,-1.449373,7/20/2016,
Praecipua,HR,4247,46,LMi,-,-,3.79,53229,94264,163.327937,34.214872,6/30/2017,
Prima Hyadum,HR,1346,gam,Tau,A,04198+1538,3.65,20205,27371,64.948349,15.627643,9/5/2017,
Procyon,HR,2943,alf,CMi,A,07393+0514,0.4,37279,61421,114.825493,5.224993,6/30/2016,
Propus,HR,2216,eta,Gem,A,06149+2230,3.32,29655,42995,93.719405,22.506794,7/20/2016,
Proxima Centauri,GJ,551,alf,Cen,C,14396-6050,11.01,70890,999999,217.428953,-62.679484,8/21/2016,
Ran,HR,1084,eps,Eri,-,03329-0927,3.73,16537,22049,53.232687,-9.458259,12/15/2015,
Rasalas,HR,3905,mu,Leo,-,-,3.88,48455,85503,148.190903,26.006953,9/12/2016,
Rasalgethi,HR,6406,alf01,Her,Aa,17146+1423,3.37,84345,156014,258.66191,14.390333,6/30/2016,
Rasalhague,HR,6556,alf,Oph,A,17349+1234,2.08,86032,159561,263.733627,12.560035,7/20/2016,
Rastaban,HR,6536,bet,Dra,A,17304+5218,2.79,85670,159181,262.608174,52.301389,8/21/2016,
Regulus,HR,3982,alf,Leo,A,10084+1158,1.36,49669,87901,152.092962,11.967209,6/30/2016,
Revati,HR,361,zet,Psc,A,01137+0735,5.21,5737,7344,18.432864,7.575354,6/30/2017,
Rigel,HR,1713,bet,Ori,A,05145-0812,0.18,24436,34085,78.634467,-8.201638,6/30/2016,
Rigil Kentaurus,HR,5459,alf,Cen,A,14396-6050,-0.01,71683,128620,219.902066,-60.833975,11/6/2016,
Rotanev,HR,7882,bet,Del,A,20375+1436,3.64,101769,196524,309.387235,14.595115,9/12/2016,
Ruchbah,HR,403,del,Cas,Aa,01258+6014,2.66,6686,8538,21.453964,60.235284,8/21/2016,
Rukbat,HR,7348,alf,Sgr,-,-,3.96,95347,181869,290.97157,-40.61594,7/20/2016,
Sabik,HR,6378,eta,Oph,A,17104-1544,2.43,84012,155125,257.594529,-15.724907,8/21/2016,
Saclateni,HR,1612,zet,Aur,A,05025+4105,3.69,23453,32068,75.619531,41.075839,6/30/2017,
Sadachbia,HR,8518,gam,Aqr,Aa,22217-0123,3.86,110395,212061,335.414064,-1.387334,8/21/2016,
Sadalbari,HR,8684,mu,Peg,-,-,3.51,112748,216131,342.500809,24.601577,8/21/2016,
Sadalmelik,HR,8414,alf,Aqr,A,22058-0019,2.95,109074,209750,331.445983,-0.319849,8/21/2016,
Sadalsuud,HR,8232,bet,Aqr,A,21316-0534,2.9,106278,204867,322.889715,-5.571176,8/21/2016,
Sadr,HR,7796,gam,Cyg,A,20222+4015,2.23,100453,194093,305.557091,40.256679,8/21/2016,
Saiph,HR,2004,kap,Ori,-,-,2.07,27366,38771,86.93912,-9.669605,7/20/2016,
Salm,HR,8880,tau,Peg,-,-,4.58,115250,220061,350.159341,23.740336,9/5/2017,
Sargas,HR,6553,tet,Sco,A,17373-4300,1.86,86228,159532,264.329711,-42.997824,8/21/2016,
Sarin,HR,6410,del,Her,Aa,17150+2450,3.12,84379,156164,258.757963,24.839204,9/12/2016,
Sceptrum,HR,1481,53,Eri,A,04382-1418,4.02,21594,29503,69.545104,-14.304017,6/30/2017,
Scheat,HR,8775,bet,Peg,-,23038+2805,2.44,113881,217906,345.943572,28.082785,6/30/2016,
Schedar,HR,168,alf,Cas,-,00405+5632,2.24,3179,3712,10.126838,56.537331,8/21/2016,
Secunda Hyadum,HR,1373,del01,Tau,Aa,04230+1732,3.78,20455,27697,65.733719,17.542514,9/5/2017,
Segin,HR,542,eps,Cas,-,-,3.35,8886,11415,28.598857,63.670101,9/5/2017,
Seginus,HR,5435,gam,Boo,Aa,14321+3818,3.04,71075,127762,218.019466,38.308251,8/21/2016,
Sham,HR,7479,alf,Sge,-,19401+1801,4.39,96757,185758,295.024133,18.013891,9/12/2016,
Shaula,HR,6527,lam,Sco,Aa,17336-3706,2.08,85927,158926,263.402167,-37.103824,7/20/2016,
Sheliak,HR,7106,bet,Lyr,Aa1,18501+3322,3.6,92420,174638,282.519978,33.362668,8/21/2016,
Sheratan,HR,553,bet,Ari,A,01546+2049,2.7,8903,11636,28.660046,20.808031,7/20/2016,
Sirius,HR,2491,alf,CMa,A,06451-1643,-1.45,32349,48915,101.287155,-16.716116,6/30/2016,
Situla,HR,8610,kap,Aqr,A,22378-0414,5.04,111710,214376,339.439084,-4.228056,9/12/2016,
Skat,HR,8709,del,Aqr,A,-,3.27,113136,216627,343.662556,-15.820827,8/21/2016,
Spica,HR,5056,alf,Vir,Aa,13252-1110,0.98,65474,116658,201.298247,-11.161319,6/30/2016,
Sualocin,HR,7906,alf,Del,Aa,20396+1555,3.86,101958,196867,309.90953,15.912073,9/12/2016,
Subra,HR,3852,omi,Leo,Aa,09412+0954,3.52,47508,83808,145.28764,9.892308,9/12/2016,
Suhail,HR,3634,lam,Vel,-,09080-4326,2.23,44816,78647,136.998993,-43.432589,8/21/2016,
Sulafat,HR,7178,gam,Lyr,-,18589+3241,3.25,93194,176437,284.735928,32.689557,8/21/2016,
Syrma,HR,5338,iot,Vir,-,-,4.07,69701,124850,214.003623,-6.000545,9/12/2016,
Tabit,HR,1543,pi03,Ori,-,04498+0658,3.19,22449,30652,72.460045,6.961275,9/5/2017,
Taiyangshou,HR,4518,chi,UMa,-,-,3.69,57399,102224,176.512559,47.779406,6/30/2017,
Taiyi,HR,4916,8,Dra,-,-,5.23,63076,112429,193.868951,65.438474,6/30/2017,
Talitha,HR,3569,iot,UMa,Aa,08592+4803,3.12,44127,76644,134.80189,48.041826,7/20/2016,
Tania Australis,HR,4069,mu,UMa,A,-,3.06,50801,89758,155.58225,41.499519,7/20/2016,
Tania Borealis,HR,4033,lam,UMa,A,-,3.45,50372,89021,154.274095,42.914356,7/20/2016,
Tarazed,HR,7525,gam,Aql,-,19463+1037,2.72,97278,186791,296.564915,10.613262,8/21/2016,
Taygeta,HR,1145,19,Tau,Aa,03452+2428,4.3,17531,23338,56.302063,24.46727,8/21/2016,
Tegmine,HR,3208,zet01,Cnc,A,08122+1739,5.24,40167,68255,123.053168,17.647801,9/12/2016,
Tejat,HR,2286,mu,Gem,Aa,06230+2231,2.87,30343,44478,95.740112,22.513583,2/1/2017,
Terebellum,HR,7597,ome,Sgr,A,-,4.7,98066,188376,298.959838,-26.299534,9/5/2017,
Theemin,HR,1464,ups02,Eri,-,-,3.81,21393,29291,68.88766,-30.562341,2/1/2017,
Thuban,HR,5291,alf,Dra,A,14044+6423,3.67,68756,123299,211.097291,64.375851,6/30/2016,
Tiaki,HR,8636,bet,Gru,-,-,2.12,112122,214952,340.666876,-46.884576,9/5/2017,
Tianguan,HR,1910,zet,Tau,A,-,2.97,26451,37202,84.411189,21.142544,6/30/2017,
Tianyi,HR,4863,7,Dra,-,-,5.43,62423,111335,191.893099,66.790305,6/30/2017,
Titawin,HR,458,ups,And,A,01368+4124,4.09,7513,9826,24.199342,41.405457,12/15/2015,
Tonatiuh,HR,4609,-,Cam,-,-,5.8,58952,104985,181.312995,76.905735,12/15/2015,
Torcular,HR,510,omi,Psc,A,01454+0909,4.29,8198,10761,26.348466,9.157737,9/5/2017,
Tureis,HR,3185,rho,Pup,A,08075-2418,2.83,39757,67523,121.886037,-24.304324,9/12/2016,
Unukalhai,HR,5854,alf,Ser,-,15443+0626,2.63,77070,140573,236.066976,6.425629,8/21/2016,
Unurgunite,HR,2646,sig,CMa,-,07017-2756,3.49,33856,52877,105.429782,-27.93483,9/5/2017,
Vega,HR,7001,alf,Lyr,-,18369+3846,0.03,91262,172167,279.234735,38.783689,6/30/2016,
Veritate,HR,8930,14,And,A,23313+3914,5.22,116076,221345,352.822556,39.236197,12/15/2015,
Vindemiatrix,HR,4932,eps,Vir,-,13022+1058,2.85,63608,113226,195.544157,10.959149,7/20/2016,
Wasat,HR,2777,del,Gem,Aa,07201+2159,3.52,35550,56986,110.030749,21.982316,8/21/2016,
Wazn,HR,2040,bet,Col,-,05510-3546,3.12,27628,39425,87.739968,-35.76831,7/20/2016,
Wezen,HR,2693,del,CMa,Aa,07084-2624,1.83,34444,54605,107.09785,-26.3932,7/20/2016,
Wurren,HR,338,zet,Phe,Aa,01084-5515,4.02,5348,6882,17.096173,-55.245758,11/17/2017,
Xamidimura,HR,6247,mu01,Sco,Aa,16519-3803,3,82514,151890,252.96763,-38.04738,9/5/2017,*
Xuange,HR,5351,lam,Boo,-,14164+4605,4.18,69732,125162,214.095912,46.088306,6/30/2017,
Yed Posterior,HR,6075,eps,Oph,-,16183-0442,3.23,79882,146791,244.580374,-4.69251,10/5/2016,
Yed Prior,HR,6056,del,Oph,-,16143-0342,2.73,79593,146051,243.586411,-3.694323,10/5/2016,
Yildun,HR,6789,del,UMi,-,17322+8635,4.35,85822,166205,263.054126,86.586462,8/21/2016,
Zaniah,HR,4689,eta,Vir,Aa,12199-0040,4.6,60129,107259,184.976476,-0.666793,9/12/2016,
Zaurak,HR,1231,gam,Eri,-,03580-1331,2.97,18543,25025,59.50736,-13.508516,7/20/2016,
Zavijava,HR,4540,bet,Vir,-,11507+0146,3.59,57757,102870,177.673826,1.764717,8/21/2016,
Zhang,HR,3903,ups01,Hya,A,-,4.11,48356,85444,147.869558,-14.846603,6/30/2017,
Zibal,HR,984,zet,Eri,Aa,03158-0849,4.8,15197,20320,48.958436,-8.819731,9/12/2016,
Zosma,HR,4357,del,Leo,-,11141+2031,2.56,54872,97603,168.527089,20.523718,7/20/2016,
Zubenelgenubi,HR,5531,alf02,Lib,Aa,14509-1603,2.75,72622,130841,222.719638,-16.041777,8/21/2016,
Zubenelhakrabi,HR,5787,gam,Lib,A,15355-1447,3.91,76333,138905,233.881578,-14.789536,9/5/2017,
Zubeneschamali,HR,5685,bet,Lib,-,-,2.61,74785,135742,229.251724,-9.382914,8/21/2016,
